sv_name,sv_id,gs_name,gs_id,gs total,gs duplicates,gs unique,sv total,sv duplicates,sv unique,gs only,sv only,shared,gs check,sv check,,,gs_coauthors,sv_coauthors,gs BC,sv BC,gs BC normed,sv BC normed,,,gs_degree,sv_degree,gs_strength,sv_strength,,"""gs_duplicates""","""sv_duplicates"""
Timothy H. Murphy,7401632487,Tim H. Murphy,qJjM8hkAAAAJ,238,2,236,185,8,177,67,11,170,-1,-4,,,"{'Andy Y. Shih': 9, 'Lynn A Raymond': 18, 'Craig E. Brown': 6, 'Jeffrey LeDue': 40, 'Snutch': 1, 'Yu Tian Wang': 4, 'Brian MacVicar': 3, 'Wolfram Tetzlaff': 2, 'Helge Rhodin': 2, 'Peter Cripton': 1, 'Mark S. Cembrowski': 1}","{'Lynn A. Raymond': 17, 'Jeffrey M. LeDue': 25, 'Helge Rhodin': 3, 'Brian A. MacVicar': 2, 'YuTian Wang': 4, 'Wolfram G. Tetzlaff': 2, 'Craig E. Brown': 6, 'Andy Y. Shih': 9, 'Terrance P. Snutch': 1}",564.7692793,293.6136515,0.570474019,0.296579446,0.570474019,0.296579446,11,9,87,69,,"{'mesoscale cortex wide neural dynamics predict self initiated actions in mice several seconds prior to movement': [158, 231]}","{'towards a visualizable de identified synthetic biomarker of human movement disorders': [4, 6], 'high throughput electrophysiological behavioral or social event triggered imaging of mouse mesoscale brain activity': [20, 21], 'enhancing the alignment of the preclinical and clinical stroke recovery research pipeline consensus based core recommendations from the stroke recovery and rehabilitation roundtable translational working group': [31, 33], 'towards a circuit mechanism for movement tuning in motor cortex': [70, 71]}"
Annie Vogel Ciernia,55491054000,Annie Vogel Ciernia,XAGfOIIAAAAJ,44,0,44,28,0,28,16,0,28,0,0,,,{'Brian MacVicar': 1},{},1.75,0,0.001767677,0,0.001767677,0,1,0,1,0,,{},{}
Brian A. MacVicar,7006717711,Brian MacVicar,Sx3420cAAAAJ,218,7,211,167,2,165,60,12,154,-4,-1,,,"{'Tim H. Murphy': 3, 'Jeffrey LeDue': 13, 'Annie Vogel Ciernia': 1, 'Snutch': 9, 'Anthony Phillips': 1, 'Shernaz Bamji': 1, 'Yu Tian Wang': 1, 'Silke Appel-Cresswell': 1, 'Leigh Anne Swayne': 1, 'Fabio MV Rossi': 1, 'Ian Mackenzie': 1}","{'Jeffrey M. LeDue': 10, 'Silke Appel-Cresswell': 1, 'Terrance P. Snutch': 5, 'Timothy H. Murphy': 2, 'Leigh Anne Swayne': 1, 'Shernaz X. Bamji': 1, 'YuTian Wang': 2, 'Anthony G. Phillips': 1}",706.0001815,269.5677508,0.713131496,0.272290657,0.713131496,0.272290657,11,8,33,23,,"{'topiramate inhibits the initiation of plateau potentials in ca1 neurons by depressing r type calcium channels': [66, 200], 'microglia in neuronal circuits': [120, 191, 216], 'a practical guide to the synthesis and use of membrane permeant acetoxymethyl esters of caged inositol polyphosphates': [129, 194]}","{'paradoxical effects of lithium on field potentials of dentate granule cells in slices of rat hippocampus': [161, 165]}"
Fidel Vila-Rodriguez,24279161600,Fidel Vila-Rodriguez,VynxFpEAAAAJ,264,4,260,161,0,161,116,15,146,-2,0,,,"{'Z. Jane Wang': 1, 'Sophia Frangou': 6, 'Jason S. Snyder': 2, 'Silke Appel-Cresswell': 1, 'Ian Mackenzie': 1, 'Todd S. Woodward': 1}","{'Sophia Frangou': 5, 'Ian Mackenzie': 1, 'Jason S. Snyder': 2, 'Silke Appel-Cresswell': 1, 'Z. Jane Wang': 1}",103.0629911,68.31403316,0.104104031,0.069004074,0.104104031,0.069004074,6,5,12,10,,"{'overall brain connectivity maps show cortico subcortical abnormalities in schizophrenia': [6, 238], 'electroconvulsive therapy treatment in patients with somatic symptom and related disorders': [50, 215]}",{}
Shernaz X. Bamji,7005627810,Shernaz Bamji,C832lNEAAAAJ,61,0,61,44,0,44,17,0,44,0,0,,,"{'Brian MacVicar': 1, 'Ian Mackenzie': 1, 'Lynn A Raymond': 2, 'Snutch': 1, 'Paul Pavlidis': 2, 'Kurt Haas': 6, 'Rankin Catharine H': 2, 'Anthony Phillips': 1}","{'Kurt Haas': 3, 'Lynn A. Raymond': 2, 'Paul Pavlidis': 1, 'Catharine Rankin': 1, 'Terrance P. Snutch': 1, 'Anthony G. Phillips': 1, 'Brian A. MacVicar': 1, 'YuTian Wang': 1, 'Ian Mackenzie': 1}",276.6826194,194.3795855,0.279477393,0.196343016,0.279477393,0.196343016,8,9,16,12,,{},{}
Lara A. Boyd,7101895712,Lara Boyd,yutn3mwAAAAJ,357,6,351,217,10,207,150,8,204,-3,-5,,,"{'Martin J. McKeown': 2, 'A Jon Stoessl OR jon Stoessl': 2, 'Silke Appel-Cresswell': 1, 'Vesna Sossi': 2, 'Todd S. Woodward': 3, 'Liisa Galea': 1}","{'Liisa A. M. Galea': 1, 'Silke Appel-Cresswell': 1, 'Martin McKeown': 2, 'A. Jon Stoessl': 1, 'Vesna Sossi': 1, 'Todd Stephen Woodward': 2}",47.48827951,55.90432353,0.047967959,0.056469014,0.047967959,0.056469014,6,6,11,8,,"{'stepping up to rethink the future of rehabilitation iv step considerations and inspirations': [149, 279], 'females exhibit smaller volumes of brain activation and lower inter subject variability during motor tasks': [256, 257], 'available online at www sciencedirect com': [318, 356]}","{'a stroke recovery trial development framework consensus based core recommendations from the second stroke recovery and rehabilitation roundtable': [46, 50], 'biomarkers of stroke recovery consensus based core recommendations from the stroke recovery and rehabilitation roundtable': [85, 91], 'agreed definitions and a shared vision for new standards in stroke recovery research the stroke recovery and rehabilitation roundtable taskforce': [87, 92], 'moving rehabilitation research forward developing consensus statements for rehabilitation and recovery research': [88, 110], 'stepping up to rethink the future of rehabilitation iv step considerations and inspirations': [93, 94]}"
Paul Pavlidis,7004159655,Paul Pavlidis,ataejQQAAAAJ,245,10,235,158,2,156,89,6,151,-5,-1,,,"{'Shernaz Bamji': 2, 'Kurt Haas': 6, 'Rankin Catharine H': 6, 'Snutch': 1, 'Sophia Frangou': 1, 'Vesna Sossi': 1}","{'Jeffrey M. LeDue': 1, 'Kurt Haas': 3, 'Shernaz X. Bamji': 1, 'Catharine Rankin': 3}",89.74069974,55.26433015,0.090647171,0.055822556,0.090647171,0.055822556,6,4,17,8,,"{'relationships between gene expression and brain wiring in the adult rodent brain': [44, 45], 'decoding unattended fearful faces with whole brain correlations an approach to identify condition dependent large scale functional connectivity': [88, 89], 'large scale analysis of gene expression and connectivity in the rodent brain insights through data integration': [102, 103], 'automated recognition of brain region mentions in neuroscience literature': [112, 113], 'monitoring changes in the gene ontology and their impact on genomic data analysis': [145, 231]}","{'fto obesity and the adolescent brain': [55, 74]}"
Martin McKeown,7005375626,Martin J. McKeown,cBAT2tQAAAAJ,369,6,363,260,4,256,119,11,247,-3,-2,,,"{'Lara Boyd': 2, 'A Jon Stoessl OR jon Stoessl': 29, 'Silke Appel-Cresswell': 33, 'Vesna Sossi': 21, 'Z. Jane Wang': 76, 'Brian D. Fisher': 1, 'Peyman Servati': 1, 'Catharine A. Winstanley': 1}","{'Z. Jane Wang': 83, 'Vesna Sossi': 11, 'A. Jon Stoessl': 16, 'Silke Appel-Cresswell': 14, 'Lara A. Boyd': 2, 'Peyman Servati': 1}",203.6919039,33.19759486,0.205749398,0.033532924,0.205749398,0.033532924,8,6,164,127,,"{'a wavelet based approach for the detection of coupling in eeg signals': [56, 363], 'removal of high voltage brain stimulation artifacts from simultaneous eeg recordings': [71, 305], 'excessive sensitivity to uncertain visual input in l dopa induced dyskinesias in parkinson s disease further implications for cerebellar involvement': [156, 320]}","{'brain connectivity assessed with functional mri': [117, 136], 'a framework for group analysis of fmri data using dynamic bayesian networks': [197, 207]}"
A. Jon Stoessl,7004896118,A Jon Stoessl OR jon Stoessl,KnhWIqwAAAAJ,449,16,433,305,6,299,175,37,265,-9,-3,,,"{'Lara Boyd': 2, 'Martin J. McKeown': 29, 'Silke Appel-Cresswell': 25, 'Vesna Sossi': 134, 'Catharine A. Winstanley': 3, 'Anthony Phillips': 2, 'Ian Mackenzie': 6, 'Snutch': 1}","{'Martin McKeown': 16, 'Vesna Sossi': 73, 'Lara A. Boyd': 1, 'Silke Appel-Cresswell': 14, 'Ian Mackenzie': 2, 'Anthony G. Phillips': 2, 'Terrance P. Snutch': 1}",254.1696837,102.9266381,0.256737054,0.103966301,0.256737054,0.103966301,8,7,202,109,,"{'the placebo effect in parkinson s disease': [26, 408], 'neuroimaging in parkinson s disease': [68, 187], 'the biochemical bases for reward implications for the placebo effect': [69, 297], 'etiology of parkinson s disease': [70, 89], 'the effects of cck 4 on dopamine d1 agonist induced grooming are blocked by a ccka receptor antagonist evidence for a novel cck receptor subtype': [269, 431], 'vincenzo bonifati': [334, 340, 347, 349], 'positron emission tomography in parkinson s disease': [375, 409]}","{'movement disorders in the world of covid 19': [6, 7], 'neuroimaging in parkinson s disease': [118, 155], 'etiology of parkinson s disease': [203, 243]}"
P. A. Cripton,6603629883,Peter Cripton,hm6fJTkAAAAJ,284,6,278,179,4,175,124,20,157,-3,-2,,,"{'Tim H. Murphy': 1, 'Mark S. Cembrowski': 1, 'Jeffrey LeDue': 1, 'Wolfram Tetzlaff': 14, 'Catharine A. Winstanley': 1}",{'Wolfram G. Tetzlaff': 6},49.903289,0,0.050407363,0,0.050407363,0,5,1,18,6,,"{'merging pathology with biomechanics using chimera closed head impact model of engineered rotational acceleration a novel surgery free model of traumatic brain injury': [8, 213], 'spinal cord deformation during injury of the cervical spine in head first impact': [121, 250], 'chimera traumatic brain injury in a mouse model of tauopathy': [184, 189]}","{'evaluation of wavecel helmets using hiii head and neck in oblique impacts': [7, 21], 'comparison of wheelchair wheels in terms of vibration and spasticity in people with spinal cord injury': [130, 141]}"
Jason S. Snyder,28167863900,Jason S. Snyder,B6Fe4-4AAAAJ,39,0,39,37,0,37,3,1,36,0,0,,,{'Fidel Vila-Rodriguez': 2},{'Fidel Vila-Rodriguez': 2},0,0,0,0,0,0,1,1,2,2,,{},{}
Wolfram G. Tetzlaff,7006262846,Wolfram Tetzlaff,HgUvr-IAAAAJ,315,10,305,206,0,206,122,18,188,-5,0,,,"{'Tim H. Murphy': 2, 'Peter Cripton': 14, 'Fabio MV Rossi': 1, 'A. Jane Roskams': 9, 'Silke Appel-Cresswell': 1}","{'Angela Jane I. Roskams': 9, 'P. A. Cripton': 6, 'Timothy H. Murphy': 2, 'Fabio Rossi': 1}",72.70313827,127,0.073437513,0.128282828,0.073437513,0.128282828,5,4,27,18,,"{'bdnf and nt 3 but not ngf prevent axotomy induced death of rat corticospinal neurons in vivo': [12, 305], 'locomotor recovery following contusive spinal cord injury does not require oligodendrocyte remyelination': [65, 236], 'gap 43 mrna in mouse motoneurons undergoing axonal sprouting in response to muscle paralysis or partial denervation': [133, 304], 'in vivo longitudinal myelin water imaging in rat spinal cord following dorsal column transection injury': [142, 310], 'primary and secondary damage in three mechanisms of spinal cord injury contusion dislocation distraction': [223, 224]}",{}
Anthony G. Phillips,7401658611,Anthony Phillips,cHBZKa4AAAAJ,428,12,416,307,0,307,133,18,289,-6,0,,,"{'Brian MacVicar': 1, 'Shernaz Bamji': 1, 'A Jon Stoessl OR jon Stoessl': 2, 'Vesna Sossi': 2, 'Jeremy K Seamans': 15, 'Yu Tian Wang': 12, 'Todd S. Woodward': 1, 'Catharine A. Winstanley': 1, 'Snutch': 3}","{'Terrance P. Snutch': 3, 'Jeremy Keith Seamans': 15, 'YuTian Wang': 14, 'Shernaz X. Bamji': 1, 'Brian A. MacVicar': 1, 'Z. Jane Wang': 1, 'A. Jon Stoessl': 2, 'Vesna Sossi': 2, 'Todd Stephen Woodward': 1}",294.6217283,385.2207298,0.297597705,0.389111848,0.297597705,0.389111848,9,9,38,40,,"{'impaired object recognition memory in rats following ischemia induced damage to the hippocampus': [65, 414], 'human induced pluripotent stem cell derived microglia like cells harboring trem2 missense mutations show specific deficits in phagocytosis': [86, 413], 'conditioned changes in dopamine oxidation currents in the nucleus accumbens of rats by stimuli paired with self administration or yoked administration of d amphetamine': [90, 301], 'global mental health and neuroscience potential synergies': [139, 415], 'object carrying by rats an approach to the behavior produced by brain stimulation': [151, 404], 'your use of the jstor archive indicates your acceptance of the terms conditions of use available at': [378, 399]}",{}
Catharine A. Winstanley,7005018303,Catharine A. Winstanley,62UFkZcAAAAJ,184,4,180,74,0,74,120,12,62,-2,0,,,"{'Martin J. McKeown': 1, 'A Jon Stoessl OR jon Stoessl': 3, 'Silke Appel-Cresswell': 1, 'Peter Cripton': 1, 'Anthony Phillips': 1, 'Vesna Sossi': 3, 'Jeremy K Seamans': 1}",{'Vesna Sossi': 1},57.18467141,0,0.057762294,0,0.057762294,0,7,1,11,1,,"{'risk preferring rats make worse decisions and show increased incubation of craving after cocaine self administration': [43, 150], 'the impact of selective dopamine d2 d3 and d4 ligands on the rat gambling task': [54, 122]}",{}
YuTian Wang,8908521300,Yu Tian Wang,oUJOq0EAAAAJ,200,6,194,192,2,190,61,55,136,-3,-1,,,"{'Tim H. Murphy': 4, 'Jeffrey LeDue': 2, 'Brian MacVicar': 1, 'Anthony Phillips': 12, 'Jeremy K Seamans': 1, 'Lynn A Raymond': 3, 'Rankin Catharine H': 1}","{'Jeremy Keith Seamans': 1, 'Anthony G. Phillips': 14, 'Timothy H. Murphy': 4, 'Jeffrey M. LeDue': 3, 'Shernaz X. Bamji': 1, 'Brian A. MacVicar': 2, 'Lynn A. Raymond': 2, 'Ian Mackenzie': 1, 'Catharine Rankin': 1}",344.6511996,507.657809,0.348132525,0.512785666,0.348132525,0.512785666,7,9,24,29,,"{'synaptotagmin 3 drives ampa receptor endocytosis depression of synapse strength and forgetting': [64, 197], 'methods for modulating neuronal responses': [131, 145], 'neuroprotective modulation of nmda receptor subtype activities': [179, 180]}","{'the regulatory role of long term depression in juvenile and adult mouse ocular dominance plasticity': [86, 95]}"
Jeremy Keith Seamans,7003907622,Jeremy K Seamans,cDn0toMAAAAJ,107,2,105,70,0,70,38,2,68,-1,0,,,"{'Anthony Phillips': 15, 'Yu Tian Wang': 1, 'Catharine A. Winstanley': 1, 'Todd S. Woodward': 1}","{'Anthony G. Phillips': 15, 'YuTian Wang': 1, 'Todd Stephen Woodward': 1}",251.8694557,227.4842669,0.254413592,0.229782088,0.254413592,0.229782088,4,3,18,17,,"{'attracting states in anterior cingulate cortex populations associated with decision making altered dynamics when targeting dopamine system with d amphetamine': [103, 105]}",{}
Terrance P. Snutch,35408131500,Snutch,mTkQFQ8AAAAJ,462,60,402,208,0,208,243,25,183,-36,0,,,"{'Tim H. Murphy': 1, 'Brian MacVicar': 9, 'Jeffrey LeDue': 3, 'Ian Mackenzie': 1, 'Shernaz Bamji': 1, 'Paul Pavlidis': 1, 'A Jon Stoessl OR jon Stoessl': 1, 'Anthony Phillips': 3, 'Rankin Catharine H': 1}","{'Anthony G. Phillips': 3, 'Brian A. MacVicar': 5, 'Shernaz X. Bamji': 1, 'Jeffrey M. LeDue': 2, 'A. Jon Stoessl': 1, 'Timothy H. Murphy': 1}",137.2500284,1291.19376,0.138636392,1.304236121,0.138636392,1.304236121,9,6,21,13,,"{'the naming of voltage gated calcium channels': [11, 428, 431], 'cav3 t type calcium channel isoforms differentially distribute to somatic and dendritic compartments in rat central neurons': [35, 36], 'the cacna1f gene encodes an l type calcium channel with unique biophysical properties and tissue distribution': [38, 39], 'a cav3 2 t type calcium channel point mutation has splice variant specific effects on function and segregates with seizure expression in a polygenic rat model of absence epilepsy': [53, 54, 375], 'the caenorhabditis elegans hsp70 gene family a molecular genetic characterization': [74, 437], 'calcium channel blockers': [108, 132, 216, 339], 'voltage gated calcium channels in epilepsy': [118, 234], 'preferentially substituted calcium channel blockers': [139, 156, 162, 187], 'molecular properties of voltage gated calcium channels': [142, 198], 'calcium channel blockers comprising two benzhydril moieties': [145, 171, 175, 181], 'calcium channel inhibitors comprising benzhydril spaced from piperazine': [149, 173], 'a perez reyes e snutch tp striessnig j 2005 international union of pharmacology xlviii nomenclature and structure function relationships of voltage gated calcium': [160, 161], 'urea derivatives as calcium channel blockers': [170, 212, 264, 366], 'voltage gated calcium channels': [185, 186, 411, 412], 'n type calcium channel blockers': [191, 211], 'sakurai t elliott em hell jw starr tv snutch tp and catterall wa': [221, 222], 'characterization of voltage gated calcium channels in xenopus oocytes after injection of rna from electrically excitable tissues': [223, 318], 'fluorescence based t type channel assay': [246, 393], 'correlation between native neuronal calcium channels and cloned calcium channel subunits': [281, 422], 'dascal': [287, 289], 'piperazine substituted compounds used as calcium channel blockers': [335, 389], 'nucleic acids encoding mammalian t type calcium channels': [371, 372], 'rat calcium channel subunits and related probes cell lines and methods': [376, 379], 'expression of mrna encoding voltage dependent ca channels in xenopus oocytes': [435, 436]}",{}
Ian Mackenzie,16407421900,Ian Mackenzie,Hx14DYYAAAAJ,498,25,473,282,2,280,239,35,246,-13,-1,,,"{'Brian MacVicar': 1, 'Snutch': 1, 'Fidel Vila-Rodriguez': 1, 'Shernaz Bamji': 1, 'Lynn A Raymond': 3, 'A Jon Stoessl OR jon Stoessl': 6, 'Vesna Sossi': 6}","{'Fidel Vila-Rodriguez': 1, 'Vesna Sossi': 2, 'A. Jon Stoessl': 2, 'Lynn A. Raymond': 2, 'YuTian Wang': 1, 'Shernaz X. Bamji': 1}",435.0892165,115.3131834,0.439484057,0.116477963,0.439484057,0.116477963,7,6,19,9,,"{'trem2 in neurodegeneration evidence for association of the p r47h variant with frontotemporal dementia and parkinson s disease': [29, 417], 'tdp 43 in the ubiquitin pathology of frontotemporal dementia with vcp gene mutations': [30, 455], 'differentiating the frontal variant of alzheimer s disease': [109, 278], 'evolutionary concepts in biobanking the bc biolibrary': [116, 451], 'the relationship between extramotor ubiquitin immunoreactive neuronal inclusions and dementia in motor neuron disease': [139, 471], 'activity of translation regulator eukaryotic elongation factor 2 kinase is increased in parkinson disease brain and its inhibition reduces alpha synuclein toxicity': [140, 379], 'neuronal intranuclear inclusions distinguish familial ftd mnd type from sporadic cases': [155, 193], 'clinical and neuropathological features of als ftd with tia1 mutations': [160, 294], 'frontotemporal lobar degeneration tdp 43 immunoreactive pathological subtypes clinical and mechanistic significance': [188, 342], 'detecting and treating dementia': [199, 240], 'progression of white matter signal abnormalities in predementia frontotemporal dementia mutation carriers': [315, 325], 'describing biomarkers for alzheimer s disease localization of amyloid β in the retina': [323, 368, 489]}","{'neuronal intranuclear inclusions distinguish familial ftd mnd type from sporadic cases': [240, 246]}"
Lynn A. Raymond,7102737545,Lynn A Raymond,VyLG_CgAAAAJ,171,6,165,153,2,151,52,36,116,-3,-1,,,"{'Tim H. Murphy': 18, 'Shernaz Bamji': 2, 'Ian Mackenzie': 3, 'Yu Tian Wang': 3, 'Jeffrey LeDue': 5}","{'Timothy H. Murphy': 17, 'Shernaz X. Bamji': 2, 'Jeffrey M. LeDue': 1, 'YuTian Wang': 2, 'Ian Mackenzie': 2}",877.1307927,376.7422173,0.8859907,0.380547694,0.8859907,0.380547694,5,5,31,24,,"{'the unified huntington s disease rating scale reliability and consistency': [0, 165], 'huntington disease': [119, 163], 'endocannabinoid specific impairment in synaptic plasticity in striatum of huntington s disease mouse model vol 38 pg 544 2018': [149, 150]}","{'huntington disease': [7, 44]}"
Kurt Haas,55554765000,Kurt Haas,zLPRoXUAAAAJ,74,2,72,55,2,53,20,1,53,-1,-1,,,"{'Shernaz Bamji': 6, 'Paul Pavlidis': 6, 'Rankin Catharine H': 5}","{'Shernaz X. Bamji': 3, 'Paul Pavlidis': 3, 'Catharine Rankin': 2}",5,2,0.005050505,0.002020202,0.005050505,0.002020202,3,3,17,8,,"{'single cell electroporation': [37, 50]}","{'single cell electroporation for in vivo imaging of neuronal morphology and growth dynamics': [13, 14]}"
Mark S. Cembrowski,37036981000,Mark S. Cembrowski,f_ILrbMAAAAJ,35,0,35,24,0,24,13,2,22,0,0,,,"{'Tim H. Murphy': 1, 'Peter Cripton': 1, 'Jeffrey LeDue': 1}",{},6.666666667,0,0.006734007,0,0.006734007,0,3,0,3,0,,{},{}
Fabio Rossi,7401756510,Fabio MV Rossi,K1VQtgwAAAAJ,140,10,130,174,0,174,38,77,97,-5,0,,,"{'Brian MacVicar': 1, 'Wolfram Tetzlaff': 1}",{'Wolfram G. Tetzlaff': 1},4.900035158,0,0.00494953,0,0.00494953,0,2,1,2,1,,"{'the methyltransferase g9a regulates hoxa9 dependent transcription in aml': [22, 128], 'pathogenic potential of hic1 expressing cardiac stromal progenitors': [46, 138], 'strategies of conditional gene expression in myocardium': [60, 132], 'targeted cell fusion facilitates stable heterokaryon generation in vitro and in vivo': [97, 98], 'intravenous and direct myocardial injection of side population stem cells labeled with green fluorescent protein into a murine model of myocardial infarction': [116, 131]}",{}
Angela Jane I. Roskams,55889287500,A. Jane Roskams,nzIRBZ0AAAAJ,68,0,68,60,0,60,16,8,52,0,0,,,{'Wolfram Tetzlaff': 9},{'Wolfram G. Tetzlaff': 9},0,0,0,0,0,0,1,1,9,9,,{},{}
Catharine Rankin,7007032941,Rankin Catharine H,KM6fM-MAAAAJ,209,6,203,111,4,107,105,8,101,-3,-2,,,"{'Shernaz Bamji': 2, 'Paul Pavlidis': 6, 'Kurt Haas': 5, 'Yu Tian Wang': 1, 'Snutch': 1, 'Liisa Galea': 1}","{'Paul Pavlidis': 3, 'Shernaz X. Bamji': 1, 'Kurt Haas': 2, 'YuTian Wang': 1}",74.70917602,25.69335236,0.075463814,0.025952881,0.075463814,0.025952881,6,4,16,7,,"{'neural plasticity in c elegans': [59, 60], 'camk cmk 1 and o glcnac transferase ogt 1 modulate mechanosensory responding and habituation in an interstimulus interval dependent manner in caenorhabditis elegans': [92, 96], 'memory in fruit flies and nematodes': [121, 172]}","{'nematode learning and memory neuroethology': [20, 57], 'learning and memory in invertebrates c elegans': [30, 58]}"
Michael D. Gordon,7402800449,Michael Gordon,WVStjbgAAAAJ,34,0,34,29,0,29,5,0,29,0,0,,,nan,{},0,0,0,0,0,0,0,0,0,0,,{},{}
Leonid Sigal,7103067039,Leonid Sigal,P2mG6rcAAAAJ,228,18,210,128,14,114,98,0,121,-9,-7,,,{'Helge Rhodin': 1},{'Helge Rhodin': 1},0,1,0,0.001010101,0,0.001010101,1,1,1,1,,"{'image generation from layout': [20, 219], 'visual reference resolution using attention memory for visual dialog': [32, 196], 'layoutvae stochastic scene layout generation from a label set': [36, 190], 'shared kernel information embedding for discriminative inference': [62, 69], 'human attributes from 3d pose tracking': [74, 78], 'method and apparatus for estimating body shape': [106, 138], 'systems and methods for identifying objects in media contents': [148, 194], 'semantically enhanced global reasoning for semantic segmentation': [183, 184], 'publication submission form': [191, 201]}","{'provide a probabilistic framework for unsupervised video decomposition': [11, 16], 'joint event detection and description in continuous video streams': [42, 43], 'a unified semantic embedding relating taxonomies and attributes': [78, 82], 'human attributes from 3d pose tracking': [96, 109], 'shared kernel information embedding for discriminative inference': [97, 111], 'motion capture from body mounted cameras': [100, 101], 'stable spaces for real time clothing': [104, 106]}"
Z. Jane Wang,11241026700,Z. Jane Wang,W75uTm8AAAAJ,448,18,430,336,10,326,148,40,291,-9,-5,,,"{'Fidel Vila-Rodriguez': 1, 'Martin J. McKeown': 76, 'Silke Appel-Cresswell': 4, 'Peyman Servati': 3, 'Helge Rhodin': 1}","{'Martin McKeown': 83, 'Helge Rhodin': 2, 'Fidel Vila-Rodriguez': 1, 'Silke Appel-Cresswell': 2, 'Peyman Servati': 1, 'Anthony G. Phillips': 1}",77.22354328,112.4505583,0.078003579,0.113586423,0.078003579,0.113586423,5,6,85,90,,"{'genomic signal processing and statistics': [31, 429], 'medical imaging technology and applications': [78, 376], 'removal of high voltage brain stimulation artifacts from simultaneous eeg recordings': [100, 395], 'a multiblock pls model of cortico cortical and corticomuscular interactions in parkinson s disease': [112, 113], 'polynomial model approach for resynchronization analysis of cell cycle gene expression data': [197, 198], 'a windowed eigenspectrum method for multivariate semg classification during reaching movements': [267, 268], 'wavelets in the frequency domain for narrowband process detection': [287, 324], 'guest editorial for special section on multimodal biomedical imaging algorithms and applications': [312, 313], 'image and video copy detection using content based fingerprinting': [332, 413]}","{'preface': [50, 51], 'linear difference equations with transition points': [160, 308], 'brain connectivity assessed with functional mri': [167, 198], 'resistance of orthogonal gaussian fingerprints to collusion attacks': [324, 330], 'nonlinear collusion attacks on independent fingerprints for multimedia': [325, 332]}"
Peyman Servati,6701751588,Peyman Servati,bl8U3JoAAAAJ,294,64,230,137,4,133,131,15,120,-43,-2,,,"{'Martin J. McKeown': 1, 'Z. Jane Wang': 3}","{'Z. Jane Wang': 1, 'Martin McKeown': 1}",0,0,0,0,0,0,2,2,4,2,,"{'pixel current driver for organic light emitting diode displays': [3, 17, 282], 'pixel driver circuit and pixel circuit having the pixel driver circuit': [4, 56], 'method and system for programming calibrating and driving a light emitting device display': [5, 14, 15, 21, 107, 152, 161], 'circuit and method for driving an array of light emitting pixels': [7, 71, 82, 133, 163], 'pixel driver circuit with load balance in current mirror circuit': [8, 97, 217], 'system and method for compensation of non uniformities in light emitting device displays': [18, 31, 138, 216], 'system and driving method for active matrix light emitting device display': [29, 42], 'voltage programmed pixel circuit display system and driving method thereof': [36, 153, 167, 188, 189], 'method and system for programming calibrating and or compensating and driving an led display': [70, 114, 150, 182, 208], 'system and methods for extraction of threshold and mobility parameters in amoled displays': [73, 84], 'core shell nanofiber textiles for strain sensing and methods of their manufacture': [79, 211], 'method and system for programming and driving active matrix light emitting device pixel having a controllable supply voltage': [94, 98, 134, 137], 'reduction of dark current under reverse bias in a si h pin photodetectors': [100, 284], 'analysis and characterization of self compensating current programmed active matrix organic light emitting diode pixel circuits': [119, 120], 'dual gate sio2 p3ht sinx otft': [140, 141, 142, 267], 'asi pixel circuits on plastic substrates for flexible amoled displays': [169, 172], 'semipfl personalized semi supervised federated learning framework for edge intelligence': [174, 207], 'modeling the effect of annealing and regioregularity on electron and hole transport characteristics of bulk heterojunction organic photovoltaic devices': [237, 238], 'silicon on mechanically flexible substrates for large area electronics': [244, 246], 'amorphous silicon integration on plastic for flexible displays': [251, 252], 'a pixel circuit for amoled displays': [261, 279]}","{'amorphous silicon display backplanes on plastic substrates': [85, 86], 'amorphous silicon back plane electronics for oled displays': [109, 120]}"
Liisa A. M. Galea,7004079043,Liisa Galea,Q--hI3oAAAAJ,295,8,287,210,2,208,94,12,197,-4,-1,,,"{'Lara Boyd': 1, 'Rankin Catharine H': 1, 'Sophia Frangou': 1}","{'Lara A. Boyd': 1, 'Sophia Frangou': 1}",8.634856636,4.19511939,0.008722077,0.004237494,0.008722077,0.004237494,3,2,3,2,,"{'chronic stress impairs rat spatial memory on the y maze and this effect is blocked by tianeptine treatment': [1, 230], 'sex hormones and genotype interact to influence psychiatric disease treatment and behavioral research': [85, 254], 'early and late effects of maternal experience on hippocampal neurogenesis microglia and the circulating cytokine milieu': [90, 250], 'cellular and molecular signatures of motherhood in the adult and ageing brain': [217, 237]}","{'exposure to fox odor inhibits cell proliferation in the hippocampus of adult rats via an adrenal hormone dependent mechanism': [110, 183]}"
Sophia Frangou,7004549374,Sophia Frangou,iRcTmwkAAAAJ,634,45,589,313,7,306,325,24,285,-24,-4,,,"{'Fidel Vila-Rodriguez': 6, 'Paul Pavlidis': 1, 'Vesna Sossi': 1, 'Liisa Galea': 1, 'Eric Shea-Brown': 1, 'Anthony Randal McIntosh': 14}","{'Fidel Vila-Rodriguez': 5, 'Liisa A. M. Galea': 1}",200.422379,7.184338711,0.202446847,0.007256908,0.202446847,0.007256908,6,2,24,6,,"{'meta analysis of the p300 and p50 waveforms in schizophrenia': [3, 341], 'what is the optimal serum lithium level in the long term treatment of bipolar disorder a review': [41, 334], 'shared neural phenotypes for mood and anxiety disorders a meta analysis of 226 task related functional imaging studies': [51, 313], 'what we learn about bipolar disorder from large scale neuroimaging findings and future directions from the enigma bipolar disorder working group': [106, 360], 'fronto temporal function may distinguish bipolar disorder from schizophrenia': [114, 561, 564], 'examination of the predictive value of structural magnetic resonance scans in bipolar disorder a pattern classification approach': [122, 454], 'increased salience of gains versus decreased associative learning differentiate bipolar disorder from schizophrenia during incentive decision making': [130, 417], 'normal cerebral volume asymmetries in early onset schizophrenia': [220, 577], 'mirroring everyday clinical practice in clinical trial design a new concept to improve the external validity of randomized double blind placebo controlled trials in the': [225, 455], 'functional neuroimaging in mood disorders': [237, 244], 'the neurobiology of bipolar disorder': [262, 503], 'multimodal neuroimaging and suicidality in a us population based sample of school aged children': [284, 375], 'minor physical anomalies in schizophrenic patients and their relatives': [289, 609], 'structural neuroimaging in mood disorders': [299, 580], 'a journal devoted to funconal neuroanatomy and neuroimaging': [370, 392, 403], 'a journal devoted to functional neuroanatomy and neuroimaging': [404, 413], 'genetic and disease specific patterns of brain activation in individuals with genetic liability for bipolar disorder': [487, 488], 'differences in brain activation during a working memory task in patients with bipolar disorder compared to their healthy first degree relatives and control subjects': [537, 539], 'structural brain changes in bipolar i disorder the effect of psychosis medication and familial risk': [547, 562, 567], 'is the p300 wave an endophenotype for schizophrenia': [553, 571], 'evidence for ventral but not dorsal deficit in prefrontal cortex based executive function as an endophenotypic marker for bipolar disorder': [559, 566]}","{'management commentary': [77, 165, 228], 'functional neuroimaging in mood disorders': [211, 246], 'schizophrenia': [215, 278]}"
Silke Appel-Cresswell,36237882900,Silke Appel-Cresswell,OrRZGCQAAAAJ,98,2,96,46,0,46,53,2,44,-1,0,,,"{'Brian MacVicar': 1, 'Fidel Vila-Rodriguez': 1, 'Lara Boyd': 1, 'Martin J. McKeown': 33, 'A Jon Stoessl OR jon Stoessl': 25, 'Vesna Sossi': 15, 'Z. Jane Wang': 4, 'Catharine A. Winstanley': 1, 'Wolfram Tetzlaff': 1}","{'Brian A. MacVicar': 1, 'Fidel Vila-Rodriguez': 1, 'Martin McKeown': 14, 'Lara A. Boyd': 1, 'A. Jon Stoessl': 14, 'Vesna Sossi': 6, 'Z. Jane Wang': 2}",276.8047434,93.88331458,0.279600751,0.094831631,0.279600751,0.094831631,9,7,82,39,,"{'dopamine replacement remediates risk aversion in parkinson s disease in a value independent manner': [45, 96]}",{}
Helge Rhodin,55860139200,Helge Rhodin,2maWWboAAAAJ,83,2,81,52,2,50,33,2,49,-1,-1,,,"{'Tim H. Murphy': 2, 'Jeffrey LeDue': 1, 'Leonid Sigal': 1, 'Z. Jane Wang': 1}","{'Timothy H. Murphy': 3, 'Z. Jane Wang': 2, 'Jeffrey M. LeDue': 1, 'Leonid Sigal': 1}",119.1179899,209.5953466,0.120321202,0.211712471,0.120321202,0.211712471,4,4,5,7,,"{'audioviewer learning to visualize sounds': [50, 58]}","{'towards a visualizable de identified synthetic biomarker of human movement disorders': [6, 12]}"
Manu S. Madhav,35146488900,Manu S Madhav,OzV0TFoAAAAJ,28,6,22,13,0,13,13,1,12,-3,0,,,nan,{},0,0,0,0,0,0,0,0,0,0,,"{'open access edited by': [14, 16], 'quantifying extrinsic curvature in neural manifolds': [17, 26], 'nonlinear processing of sensory interference drives social behavior in weakly electric fish': [23, 24]}",{}
Brian Fisher,56363838400,Brian D. Fisher,1NGZwzoAAAAJ,187,21,166,96,12,84,102,17,72,-13,-7,,,{'Martin J. McKeown': 1},{},0,0,0,0,0,0,1,0,1,0,,"{'experimental investigation of linguistic and parametric descriptions of human motion for animation': [65, 178], 'individual differences and translational science in the design of human centered visualizations': [71, 121], 'an interaction approach to enhance situational awareness and the production of anticipatory actions in emergency operation centers': [98, 122], 'peer presence and real time assessment a symbiotic relationship': [104, 105], 'introduction to the minitrack on interactive visual analytics and visualization for decision making': [109, 110], 'vis conference committee': [147, 159, 161, 162, 164, 169], 'vast steering committee': [149, 170, 173], 'vast international program committee': [165, 172]}","{'interactive visual analytics and visualization for decision making minitrack': [5, 10], 'preface': [8, 17, 19, 26], 'interactive visual analytics and visualization for decision making making sense of a growing digital world': [12, 16], 'lecture notes in computer science preface': [66, 77], 'lecture notes in computer science including subseries lecture notes in artificial intelligence and lecture notes in bioinformatics preface': [71, 72]}"
Leigh Anne Swayne,7004454250,Leigh Anne Swayne,6N7x3_wAAAAJ,64,0,64,53,0,53,14,3,50,0,0,,,"{'Brian MacVicar': 1, 'Craig E. Brown': 1}","{'Brian A. MacVicar': 1, 'Craig E. Brown': 1}",7.763551173,0.59071424,0.007841971,0.000596681,0.007841971,0.000596681,2,2,2,2,,{},{}
Craig E. Brown,7408311558,Craig E. Brown,JpTDgvYAAAAJ,39,0,39,38,0,38,3,2,36,0,0,,,"{'Tim H. Murphy': 6, 'Leigh Anne Swayne': 1}","{'Leigh Anne Swayne': 1, 'Timothy H. Murphy': 6}",45.95844512,47.67511426,0.046422672,0.048156681,0.046422672,0.048156681,2,2,7,7,,{},{}
Adrienne L. Fairhall,6602928622,Adrienne Fairhall,Qd2_0VkAAAAJ,119,7,112,69,0,69,48,2,67,-4,0,,,{'Eric Shea-Brown': 3},{'Eric T. Shea-Brown': 3},0,0,0,0,0,0,1,1,3,3,,"{'shifts in coding properties and maintenance of information transmission during adaptation in barrel cortex': [4, 106], 'what causes a neuron to spike': [9, 60, 115], 'unsupervised restoration of a complex learned behavior after large scale neuronal perturbation': [78, 86]}",{}
Eric T. Shea-Brown,15065850600,Eric Shea-Brown,GyvbrjcAAAAJ,196,14,182,82,2,80,110,2,79,-7,-1,,,"{'Sophia Frangou': 1, 'Adrienne Fairhall': 3}",{'Adrienne L. Fairhall': 3},39,0,0.039393939,0,0.039393939,0,2,1,4,3,,"{'optimal inputs for phase models of spiking neurons': [11, 193], 'dimensionality in recurrent spiking networks global trends in activity and local origins in connectivity': [25, 149], 'from the statistics of connectivity to the statistics of spike times in neuronal networks': [27, 118], 'optimal decisions from neural spikes through stochastic differential equations to behavior': [42, 43], 'when do microcircuits produce beyond pairwise correlations': [54, 111], 'spike time reliability of layered neural oscillator networks': [61, 123], 'neutral stability rate propagation and critical branching in feedforward networks': [74, 125]}","{'spike time reliability of layered neural oscillator networks': [49, 63]}"
Emily Lauren Sylwestrak,26634611400,Emily Sylwestrak,gKtP4d4AAAAJ,15,2,13,10,0,10,5,1,9,-1,0,,,nan,{},0,0,0,0,0,0,0,0,0,0,,"{'rna fixation and detection in clarity based hydrogel tissue': [10, 12]}",{}
Andy Y. Shih,9239638800,Andy Y. Shih,NcqRyesAAAAJ,86,2,84,73,0,73,18,6,67,-1,0,,,{'Tim H. Murphy': 9},{'Timothy H. Murphy': 9},81,81,0.081818182,0.081818182,0.081818182,0.081818182,1,1,9,9,,"{'targeted occlusion to surface and deep vessels in neocortex via linear and nonlinear optical absorption': [50, 84]}",{}
Todd Stephen Woodward,7102848867,Todd S. Woodward,72W33RkAAAAJ,296,12,284,184,0,184,115,9,175,-6,0,,,"{'Fidel Vila-Rodriguez': 1, 'Lara Boyd': 3, 'Anthony Phillips': 1, 'Jeremy K Seamans': 1, 'Vesna Sossi': 1}","{'Lara A. Boyd': 2, 'Vesna Sossi': 1, 'Jeremy Keith Seamans': 1, 'Anthony G. Phillips': 1}",22.49828233,9.051209003,0.022725538,0.009142635,0.022725538,0.009142635,5,4,7,5,,"{'self recognition deficits in schizophrenia patients with auditory hallucinations a meta analysis of the literature': [11, 195], 'false memories in schizophrenia': [35, 295], 'psychotic experiences and related distress a cross national comparison and network analysis based on 7141 participants from 13 countries': [71, 223], 'change in jumping to conclusions linked to change in delusions in early psychosis': [105, 230], 'remote cognitive assessment in severe mental illness a scoping review': [153, 205], 'acceptance of evidence supported hypotheses generates a stronger signal from an underlying functionally connected network': [160, 291]}",{}
Jeffrey M. LeDue,56371437500,Jeffrey LeDue,1ffeRR4AAAAJ,71,2,69,37,0,37,37,4,33,-1,0,,,"{'Tim H. Murphy': 40, 'Brian MacVicar': 13, 'Yu Tian Wang': 2, 'Helge Rhodin': 1, 'Peter Cripton': 1, 'Mark S. Cembrowski': 1, 'Snutch': 3, 'Lynn A Raymond': 5}","{'Terrance P. Snutch': 3, 'Brian A. MacVicar': 11, 'Paul Pavlidis': 1, 'Timothy H. Murphy': 25, 'Helge Rhodin': 1, 'Lynn A. Raymond': 1, 'YuTian Wang': 3}",220.3988856,128.0480017,0.222625137,0.129341416,0.222625137,0.129341416,8,7,66,45,,"{'endocannabinoid specific impairment in synaptic plasticity in striatum of huntington s disease mouse model vol 38 pg 544 2018': [57, 58]}",{}
Ilker Hacihaliloglu,24467768400,Ilker Hacihaliloglu,dA7G64kAAAAJ,115,3,112,70,0,70,45,2,68,-2,0,,,{'Purang Abolmaesumi': 11},{'Purang Abolmaesumi': 11},0,0,0,0,0,0,1,1,11,11,,"{'learning to segment brain anatomy from 2d ultrasound with less data': [20, 73, 97]}",{}
Anthony Randal McIntosh,35465675000,Anthony Randal McIntosh,Ep3N640AAAAJ,472,19,453,297,8,289,191,22,271,-10,-4,,,{'Sophia Frangou': 14},{},0,0,0,0,0,0,1,0,14,0,,"{'resting brains never rest computational insights into potential cognitive architectures': [33, 364], 'handbook of brain connectivity': [77, 328], 'neural correlates of semantic associative encoding in episodic memory': [126, 407], 'brain activity patterns uniquely supporting visual feature integration after traumatic brain injury': [265, 390], 'neurocognitive aging and brain signal complexity': [287, 303], 'tvb edupack an interactive learning and scripting platform for the virtual brain': [288, 457], 'lesion localization on spect imaging in hemispatial neglect': [332, 425], 'a journal devoted to funconal neuroanatomy and neuroimaging': [358, 359, 362], 'a journal devoted to functional neuroanatomy and neuroimaging': [363, 368]}","{'the role of neural context in large scale neurocognitive network operations': [67, 176], 'dissecting altered functional engagement in tbi and other patient groups through connectivity analysis one goal many paths a response to hillary': [109, 110], 'aberrant effective connectivity in schizophrenia patients during appetitive conditioning': [129, 144], 'large scale network dynamics in neurocognitive function': [171, 182]}"
Purang Abolmaesumi,6602170125,Purang Abolmaesumi,gKZS5-IAAAAJ,462,20,442,358,14,344,120,16,332,-10,-10,,,{'Ilker Hacihaliloglu': 11},{'Ilker Hacihaliloglu': 11},0,0,0,0,0,0,1,1,11,11,,"{'maximum likelihood estimation of the distribution of target registration error': [107, 428], 'method for improved ultrasonic detection': [125, 300], 'classifying cancer grades using temporal ultrasound for transrectal prostate biopsy': [147, 443], 'echo syncnet self supervised cardiac view synchronization in echocardiography': [179, 395], 'deep video networks for automatic assessment of aortic stenosis in echocardiography': [279, 394], 'imaging biomarker knowledge transfer for attention based diagnosis of covid 19 in lung ultrasound videos': [280, 442], 'models of temporal enhanced ultrasound data for prostate cancer diagnosis the impact of time series order': [306, 405], 'a novel ultrasound software system for lumbar level identification in obstetric patients': [316, 377], 'augmented environments for computer assisted interventions': [364, 418], 'differential learning from sparse and noisy labels for robust detection of clinical landmarks in echo cine series': [387, 390]}","{'preface': [58, 59, 60, 61, 62, 64, 65, 185], 'directional log gabor filtering on the pre beamformed channel data to enhance hyper echoic structures': [112, 113], 'lumbar and thoracic spine segmentation using a statistical multi object shape pose model': [179, 180], 'lecture notes in computer science including subseries lecture notes in artificial intelligence and lecture notes in bioinformatics preface': [232, 263]}"
Vesna Sossi,56276238300,Vesna Sossi,5VQTWXgAAAAJ,497,10,487,334,14,320,217,52,275,-5,-7,,,"{'Lara Boyd': 2, 'Martin J. McKeown': 21, 'A Jon Stoessl OR jon Stoessl': 134, 'Silke Appel-Cresswell': 15, 'Paul Pavlidis': 1, 'Sophia Frangou': 1, 'Anthony Phillips': 2, 'Ian Mackenzie': 6, 'Catharine A. Winstanley': 3, 'Todd S. Woodward': 1}","{'Martin McKeown': 11, 'A. Jon Stoessl': 73, 'Ian Mackenzie': 2, 'Silke Appel-Cresswell': 6, 'Lara A. Boyd': 1, 'Todd Stephen Woodward': 1, 'Catharine A. Winstanley': 1, 'Anthony G. Phillips': 2}",399.2534904,138.9296321,0.403286354,0.140332962,0.403286354,0.140332962,10,8,186,97,,"{'effect of scatter from radioactivity outside of the field of view in 3d pet': [104, 266], 'design and performance of liquid xenon detectors for pet': [259, 448], 'alpha synuclein preformed fibril pff triggered synucleinopathy recapitulates neurochemical features of human pd a pet study in rats': [357, 368], 'nuclear emission based imaging in the study of brain function': [397, 399], 'part i of three parts': [493, 496]}","{'cutting edge brain imaging with positron emission tomography': [220, 226], 'printed sources for positron emission tomography pet': [249, 262], 'effect of depth of interaction decoding on resolution in pet a simulation study': [265, 271], 'pet and spect performance of the siemens hd3 e camduet a 1 na i hybrid camera': [270, 272], 'nema nu 2 2000 performance measurements on an adac mcd camera': [281, 286], 'effect of scatter from radioactivity outside of the field of view in 3d pet': [305, 308], 'multi nucleon pion absorption in the 4he π ppp n reaction': [329, 331]}"
,,,,,,,,,,,,,,,,,,,,,,,,,,,,,,,
,,,,,,,,,,,,,,,,,,,6357.111203,4965.076575,6.421324447,5.015228864,,,,,,,,,
