0,4,5,6,7,8,
Name,Mental Health & Addictions,Brain Development & Neurodevelopmental Disorders,Learning/Memory & Dementias,Sensory/Motor Systems & Movement Disorders,Brain Injury & Repair,
Khaled Abd-Elrahman,,,Khaled Abd-Elrahman,,,
Douglas Allan,,Douglas Allan,,,,
Doug Altshuler,,,,Doug Altshuler,,
Vanessa Auld,,Vanessa Auld,,,,
Jehannine Austin,Jehannine Austin,,,,,
Shelina Babul,,,,,Shelina Babul,
Shernaz Bamji,,Shernaz Bamji,,,,
Phil Barker,,,Phil Barker,,,
Steven Barnes,Steven Barnes,,,,,
Alasdair Barr,Alasdair Barr,,,,,
Jason Barton,,,,Jason Barton,,
Clare Beasley,Clare Beasley,,,,,
Lara Boyd,,,,,Lara Boyd,
Neil Cashman,,,,Neil Cashman,,
Mark Cembrowski,,,Mark Cembrowski,,,
Trisha Chakrabarty,Trisha Chakrabarty,,,,,
Annie Ciernia,,Annie Ciernia,,,,
Luke Clark,Luke Clark,,,,,
Ann-Marie Craig,,Ann-Marie Craig,,,,
Silke Cresswell,,,,Silke Cresswell,,
Peter Cripton,,,,,Peter Cripton,
Max Cynader,,,Max Cynader,,,
Ryan D'Arcy,,,,,Ryan D'Arcy,
Adele Diamond,Adele Diamond,,,,,
Doris Doudet,,,,Doris Doudet,,
Lauren Emberson,,Lauren Emberson,,,,
Thalia Field,,,,,Thalia Field,
Stan Floresco,Stan Floresco,,,,,
Dean Foti,,,Dean Foti,,,
Sophia Frangou,Sophia Frangou,,,,,
Liisa Galea,,,Liisa Galea,,,
Debbie Giaschi,,,,Debbie Giaschi,,
Julien Gibon,,,Julien Gibon,,,
Daniel Goldowitz,,Daniel Goldowitz,,,,
Michael Gordon,,,,Michael Gordon,,
Ruth Grunau,,Ruth Grunau,,,,
Kurt Haas,,Kurt Haas,,,,
Ilker Hacihaliloglu,,,,,Ilker Hacihaliloglu,
Amani Hariri,Amani Hariri,,,,,
Sherri Hayden,,,Sherri Hayden,,,
Anthony Herdman,,,,Anthony Herdman,,
Brett Hilton,,,,,Brett Hilton,
Robin Hsiung,,,Robin Hsiung,,,
Tao Huan,,Tao Huan,,,,
Judy Illes,,,,,Judy Illes,
Hee Yeon Im,,Hee Yeon Im,,,,
Wilfred Jefferies,,,Wilfred Jefferies,,,
Kamyar Keramatian,Kamyar Keramatian,,,,,
Shannon Kolind,,,,Shannon Kolind,,
Piotr Kozlowski,,,,Piotr Kozlowski,,
John Kramer,,,,John Kramer,,
Sarah Kraeutner,,,,,Sarah Kraeutner,
Charles Krieger,,,,Charles Krieger,,
Ujendra Kumar,,,Ujendra Kumar,,,
Raymond Lam,Raymond Lam,,,,,
Donna Lang,Donna Lang,,,,,
Cornelia Laule,,,,Cornelia Laule,,
Blair Leavitt,,,,Blair Leavitt,,
Duncan Leitch,,,,Duncan Leitch,,
David Li,,,,David Li,,
Teresa Liu-Ambrose,,,,,Teresa Liu-Ambrose,
Ian Mackenzie,,,Ian Mackenzie,,,
Brian MacVicar,,,,,Brian MacVicar,
Manu Madhav,,,Manu Madhav,,,
Joanne Matsubara,,,,Joanne Matsubara,,
Benjamin Matthews,,,,Benjamin Matthews,,
Martin McKeown,,,,Martin McKeown,,
Erin Michalak,Erin Michalak,,,,,
Freda Miller,,Freda Miller,,,,
Steven Miller,,,,,Steven Miller,
Kota Mizumoto,,,,Kota Mizumoto,,
Robert Molday,,,,Robert Molday,,
Hakima Moukhles,,,,,Hakima Moukhles,
Orson Moritz,,,,Orson Moritz,,
Tim Murphy,,,,,Tim Murphy,
Haakon Nygaard,,,Haakon Nygaard,,,
Timothy O'Connor,,Timothy O'Connor,,,,
Joel Oger,,,,Joel Oger,,
Ipek Oruc,,,,Ipek Oruc,,
Daniela Palombo,,,Daniela Palombo,,,
William Panenka,,,,,William Panenka,
Paul Pavlidis,,Paul Pavlidis,,,,
Steven Pelech,,,Steven Pelech,,,
Anthony Phillips,Anthony Phillips,,,,,
Mahmoud Pouladi,,Mahmoud Pouladi,,,,
Jacqueline Quandt,,,,Jacqueline Quandt,,
Manon Ranger,,Manon Ranger,,,,
Catharine Rankin,,,Catharine Rankin,,,
Alexander Rauscher,,,,,Alexander Rauscher,
Lynn Raymond,,,,Lynn Raymond,,
Heather Robertson,Heather Robertson,,,,,
Julie Robillard,,,Julie Robillard,,,
Jessica Rosin,,Jessica Rosin,,,,
Jane Roskams,,Jane Roskams,,,,
Christian Schütz,Christian Schütz,,,,,
Jeremy Seamans,Jeremy Seamans,,,,,
Mypinder Sekhon,,,,,Mypinder Sekhon,
Noah Silverberg,,,,,Noah Silverberg,
Terry Snutch,,,,,Terry Snutch,
Jason Snyder,,,Jason Snyder,,,
Kiran Soma,,Kiran Soma,,,,
Weihong Song,,,Weihong Song,,,
Vesna Sossi,,,,Vesna Sossi,,
Miriam Spering,,,,Miriam Spering,,
Evelyn Stewart,Evelyn Stewart,,,,,
Jon Stoessl,,,,Jon Stoessl,,
Robert Stowe,Robert Stowe,,,,,
Sriram Subramaniam,Sriram Subramaniam,,,,,
Roger Tam,,,,Roger Tam,,
Wolfram Tetzlaff,,,,,Wolfram Tetzlaff,
Rebecca Todd,Rebecca Todd,,,,,
Tony Traboulsee,,,,Tony Traboulsee,,
Helen Tremlett,,,,Helen Tremlett,,
Tamara Vanderwal,Tamara Vanderwal,,,,,
Paul van Donkelaar,,,,,Paul van Donkelaar,
Victor Viau,Victor Viau,,,,,
Daniel Vigo,Daniel Vigo,,,,,
Carles Vilarino-Guell,,,,Carles Vilarino-Guell,,
Fidel Vila-Rodriguez,Fidel Vila-Rodriguez,,,,,
Naznin Virji-Babul,,,,,Naznin Virji-Babul,
Yu Tian Wang,,,,,Yu Tian Wang,
Lawrence Ward,,,Lawrence Ward,,,
Alexander Weber,,Alexander Weber,,,,
Cheryl Wellington,,,,,Cheryl Wellington,
Janet Werker,,Janet Werker,,,,
Christopher West,,,,,Christopher West,
Catharine Winstanley,Catharine Winstanley,,,,,
Todd Woodward,Todd Woodward,,,,,
Lakshmi Yatham,Lakshmi Yatham,,,,,
